"Unidade da Federação";"1994";"1995";"1996";"1997";"1998";"1999";"2000";"2001";"2002";"2003";"2004/Jan";"2004/Fev";"2004/Mar";"2004/Abr";"2004/Mai";"2004/Jun";"2004/Jul";"2004/Ago";"2004/Set";"2004/Out";"2004/Nov";"2004/Dez";"2005/Jan";"2005/Fev";"2005/Mar";"2005/Abr";"2005/Mai";"2005/Jun";"2005/Jul";"2005/Ago";"2005/Set";"2005/Out";"2005/Nov";"2005/Dez";"2006/Jan";"2006/Fev";"2006/Mar";"2006/Abr";"2006/Mai";"2006/Jun";"2006/Jul";"2006/Ago";"2006/Set";"2006/Out";"2006/Nov";"2006/Dez";"2007/Jan";"2007/Fev";"2007/Mar";"2007/Abr";"2007/Mai";"2007/Jun";"2007/Jul";"2007/Ago";"2007/Set";"2007/Out";"2007/Nov";"2007/Dez";"2008/Jan";"2008/Fev";"2008/Mar";"2008/Abr";"2008/Mai";"2008/Jun";"2008/Jul";"2008/Ago";"2008/Set";"2008/Out";"2008/Nov";"2008/Dez";"2009/Jan";"2009/Fev";"2009/Mar";"2009/Abr";"2009/Mai";"2009/Jun";"2009/Jul";"2009/Ago";"2009/Set";"2009/Out";"2009/Nov";"2009/Dez";"2010/Jan";"2010/Fev";"2010/Mar";"2010/Abr";"2010/Mai";"2010/Jun";"2010/Jul";"2010/Ago";"2010/Set";"2010/Out";"2010/Nov";"2010/Dez";"2011/Jan";"2011/Fev";"2011/Mar";"2011/Abr";"2011/Mai";"2011/Jun";"2011/Jul";"2011/Ago";"2011/Out";"2011/Nov";"2011/Set";"2011/Dez";"2012/Jan";"2012/Fev";"2012/Mar";"2012/Abr";"2012/Mai";"2012/Jun";"2012/Jul";"2012/Ago";"2012/Set";"2012/Out";"2012/Nov";"2012/Dez";"2013/Jan";"2013/Fev";"2013/Mar";"2013/Abr";"2013/Mai";"2013/Jun";"2013/Jul";"2013/Ago";"2013/Set";"2013/Out";"2013/Nov";"2013/Dez";"2014/Jan";"2014/Fev";"2014/Mar";"2014/Abr";"2014/Mai";"2014/Jun";"2014/Jul";"2014/Ago";"2014/Set";"2014/Out";"2014/Nov";"2014/Dez";"2015/Jan";"2015/Fev";"2015/Mar";"2015/Abr";"2015/Mai";"2015/Jun";"2015/Jul";"2015/Ago";"2015/Set";"2015/Out";"2015/Nov";"2015/Dez";"2016/Jan";"2016/Fev";"2016/Mar";"2016/Abr";"2016/Mai";"2016/Jun";"2016/Jul";"2016/Ago";"2016/Set";"2016/Out";"2016/Nov";"2016/Dez";"2017/Jan";"2017/Fev";"2017/Mar";"2017/Abr";"2017/Mai";"2017/Jun";"2017/Jul";"2017/Ago";"2017/Set";"2017/Out";"2017/Nov";"2017/Dez";"2018/Jan";"2018/Fev";"2018/Mar";"2018/Abr";"2018/Mai";"2018/Jun";"2018/Jul";"2018/Ago";"2018/Set";"2018/Out";"2018/Nov";"2018/Dez";"2019/Jan";"2019/Fev";"2019/Mar";"2019/Abr";"2019/Mai";"2019/Jun";"2019/Jul";"2019/Ago";"2019/Set";"2019/Out";"2019/Nov";"2019/Dez";"2020/Jan";"2020/Fev";"2020/Mar";"2020/Abr";"2020/Mai";"2020/Jun";"2020/Jul";"2020/Ago";"2020/Set";"2020/Out";"2020/Nov";"2020/Dez";"2021/Jan";"2021/Fev";"2021/Mar";"2021/Abr";"2021/Mai";"2021/Jun";"2021/Dez";" Total"
"11 Rondônia";"145068";"226411";"203138";"166436";"290311";"161955";"211016";"186696";"104735";"115022";"3599";"3371";"4131";"12741";"10933";"7864";"7194";"9286";"7780";"5939";"5445";"4021";"5577";"6006";"6802";"9562";"19935";"14013";"11476";"15659";"9497";"6439";"6499";"4968";"6895";"5523";"7354";"9253";"16215";"10423";"8367";"13473";"8120";"5695";"6264";"5524";"6405";"9344";"11207";"15620";"23430";"14736";"8637";"11261";"7632";"8205";"7598";"3140";"96267";"31858";"13758";"17206";"19122";"15643";"15992";"25664";"16556";"8957";"7103";"7369";"8153";"6853";"8518";"12096";"16676";"11679";"8022";"10069";"10690";"9055";"8230";"6800";"7795";"7444";"11111";"16168";"16944";"12230";"13043";"13213";"8801";"7368";"7093";"5741";"6679";"7946";"8508";"9497";"14059";"11196";"10675";"12482";"7876";"7406";"10117";"6534";"9504";"8371";"8558";"8250";"14765";"10780";"9722";"10616";"7324";"6970";"6155";"5049";"7783";"6708";"7242";"12251";"14340";"10863";"11852";"12223";"9870";"6984";"6668";"5933";"7992";"7941";"9793";"9331";"11242";"7577";"9531";"7770";"8536";"9183";"7788";"5800";"7015";"7646";"10097";"8197";"13514";"9959";"9335";"22157";"10746";"7453";"7811";"6418";"9092";"7578";"8978";"12233";"12066";"10062";"8843";"9218";"28501";"11773";"6824";"6769";"19900";"22138";"21932";"12233";"9094";"6128";"4844";"4720";"6652";"4894";"4232";"3242";"11891";"7355";"6375";"5111";"5271";"5578";"6697";"8202";"5181";"4916";"3965";"3261";"4769";"4624";"4438";"5060";"5392";"4768";"5103";"3912";"3546";"5579";"5415";"3895";"5478";"10089";"8805";"3852";"7765";"7304";"7247";"6797";"6162";"13398";"9439";"4695";"4131";"4707";"5160";"5788";"6467";"1228";"0";"3814483"
"12 Acre";"0";"69684";"38659";"107705";"92187";"271986";"64157";"53164";"43132";"48338";"2489";"2255";"2262";"3859";"3009";"3914";"2441";"3154";"3616";"2827";"3064";"2985";"2504";"2846";"4443";"4635";"7013";"4473";"3522";"6406";"4912";"2657";"3464";"3997";"4159";"3461";"3619";"4214";"5487";"4663";"5082";"4840";"4777";"2310";"2922";"2724";"3191";"3773";"3654";"4240";"4222";"5484";"3361";"4860";"8340";"11779";"7454";"4161";"30998";"10837";"6276";"6027";"7388";"6654";"5700";"6521";"4576";"3980";"3853";"3565";"5064";"4553";"4935";"6929";"7776";"7785";"4867";"4302";"5348";"4828";"5090";"5625";"3766";"4454";"5433";"7764";"8193";"5740";"3767";"4832";"3507";"3503";"4387";"4332";"10901";"10026";"14095";"13520";"13206";"9176";"6603";"5420";"5727";"7150";"5027";"5460";"4104";"4365";"4425";"5077";"6212";"6289";"4929";"4886";"3358";"5498";"4078";"2182";"3303";"2866";"3911";"4822";"3994";"5230";"3863";"5665";"3407";"3654";"3335";"3299";"3083";"3166";"2220";"4763";"3699";"3569";"3115";"2840";"2320";"1910";"2161";"1472";"2016";"2553";"3267";"2431";"3547";"2769";"1858";"7773";"2798";"2938";"2291";"1953";"3521";"3202";"3106";"3415";"3931";"3607";"2724";"2877";"12127";"3368";"3609";"2551";"6302";"8055";"8341";"4249";"3413";"2514";"2028";"2012";"3489";"1786";"1698";"1694";"4263";"3271";"2703";"2166";"1799";"1602";"2060";"2054";"1525";"1692";"1532";"1308";"2093";"2082";"1874";"1914";"1986";"1748";"2033";"1855";"1511";"1687";"2093";"1895";"3438";"3607";"3225";"1129";"1711";"1636";"2049";"2023";"2540";"4796";"3056";"2046";"2137";"1670";"2088";"3351";"2351";"73";"0";"1676557"
"13 Amazonas";"208007";"150657";"825292";"421308";"549112";"333421";"415695";"336329";"252583";"237617";"12188";"11002";"10106";"24769";"16566";"16050";"14510";"17584";"16021";"10625";"19360";"14657";"12358";"13069";"17821";"19642";"29793";"25579";"23332";"21232";"18567";"19080";"16846";"15887";"18916";"16601";"22766";"23711";"33295";"26712";"27351";"28100";"20569";"17818";"24403";"22423";"22836";"21615";"23836";"41825";"30419";"28132";"24424";"23415";"19764";"23638";"21968";"17618";"163901";"57299";"30263";"31841";"27392";"27211";"23061";"27525";"23249";"17234";"15679";"16741";"15695";"17522";"20427";"24007";"29122";"26120";"20681";"22703";"21868";"17530";"17652";"12952";"15272";"15367";"24924";"29071";"30084";"23910";"18781";"24501";"20397";"17933";"18217";"15524";"18110";"18585";"18010";"22514";"27259";"23547";"22716";"26323";"22264";"18938";"22461";"15811";"19984";"19772";"23923";"20141";"28458";"26525";"21931";"26300";"20745";"24985";"16914";"16634";"17084";"17732";"30945";"30996";"22810";"29404";"24903";"34995";"34331";"25587";"21637";"19816";"22279";"25556";"23986";"29257";"29112";"19342";"19942";"23209";"24484";"22816";"19121";"16290";"18378";"22646";"29936";"25218";"28908";"25843";"22531";"47695";"27649";"23335";"22221";"19392";"24784";"17641";"22025";"21043";"23708";"20486";"18200";"25220";"72557";"22707";"19137";"13486";"43974";"37275";"53580";"26577";"23835";"13065";"14199";"14716";"23326";"13061";"12355";"10252";"25152";"16961";"20706";"15284";"14545";"12857";"22133";"23220";"16273";"15852";"11753";"9678";"14885";"14217";"16975";"14922";"14715";"13376";"12746";"15200";"13710";"12632";"12016";"9111";"33971";"23717";"22886";"2844";"14750";"21826";"18799";"20447";"17694";"36415";"20257";"13022";"8946";"11572";"15695";"16477";"18057";"2448";"0";"8388663"
"14 Roraima";"10273";"48298";"47661";"33080";"162470";"43500";"62296";"47140";"41361";"61590";"3717";"7975";"3180";"3449";"3835";"3298";"4360";"3473";"4941";"3731";"4242";"1405";"5202";"12615";"8960";"4984";"4895";"7622";"6065";"9558";"5058";"6691";"4938";"4684";"6690";"5234";"5718";"4054";"5434";"6555";"3812";"6026";"3832";"3110";"3174";"4511";"5792";"4049";"5008";"4336";"5188";"8377";"5866";"6519";"6092";"5386";"5052";"5587";"19088";"15116";"6129";"4316";"4618";"4933";"4038";"4245";"4822";"3412";"2601";"3032";"2992";"3404";"3365";"3111";"5327";"3999";"3338";"3547";"3775";"3563";"3011";"2638";"3720";"2956";"3372";"3823";"3301";"2948";"2629";"3285";"3059";"2774";"2421";"2241";"2941";"3262";"3136";"3332";"3806";"2888";"3707";"2581";"2678";"1958";"2281";"2588";"3046";"3134";"2797";"2696";"923";"2859";"2728";"3038";"2743";"1979";"2322";"2102";"3025";"3093";"2672";"2871";"3954";"3790";"3051";"2203";"2417";"2053";"757";"1544";"3255";"3627";"3309";"3119";"2891";"2754";"2595";"2878";"3922";"2392";"1029";"2216";"2453";"3730";"6870";"4726";"4477";"4461";"4166";"8260";"6113";"4238";"4225";"4503";"3039";"3762";"4776";"4532";"4632";"4499";"4142";"4278";"7099";"6224";"3993";"2528";"6447";"14520";"21824";"8822";"4448";"2723";"2789";"3478";"2291";"4790";"2262";"1606";"3206";"3576";"7040";"6285";"4476";"3366";"4195";"3621";"3171";"10496";"10584";"10844";"12471";"8810";"7599";"7184";"6952";"3019";"3766";"6888";"6446";"10558";"6440";"7248";"8127";"7070";"5251";"834";"1260";"1636";"3362";"2010";"2254";"3990";"2214";"2142";"3559";"3038";"3076";"3309";"1408";"300";"0";"1498647"
"15 Pará";"88991";"84984";"194235";"710311";"2911623";"1495557";"1011092";"599046";"419592";"596873";"24115";"26692";"20410";"39693";"32671";"76498";"36174";"53084";"33095";"24100";"36459";"21278";"19287";"24528";"31221";"43167";"62801";"47815";"25244";"66589";"31093";"27721";"26738";"23899";"25880";"26843";"26339";"32011";"35563";"45821";"34807";"31445";"36508";"18724";"27145";"30461";"25515";"25247";"32743";"34053";"39273";"56745";"31780";"44232";"38401";"31986";"33277";"27989";"213888";"92410";"51573";"46626";"47253";"76851";"42075";"58159";"47631";"26481";"34867";"27097";"41835";"31023";"30639";"34866";"34194";"47247";"32894";"32470";"36256";"30532";"26269";"25208";"22400";"25760";"31521";"33318";"33747";"37218";"33439";"41056";"33284";"26294";"28214";"25193";"22087";"27821";"28165";"35805";"53693";"42158";"38803";"40809";"32429";"30541";"31862";"24444";"27169";"29535";"36634";"32843";"40122";"42138";"34006";"43193";"33376";"29415";"28994";"20831";"24727";"27393";"30045";"34667";"34801";"39486";"31246";"40382";"40740";"30238";"28686";"22388";"28616";"30157";"28953";"30319";"26507";"22571";"23003";"23019";"25277";"21722";"13995";"11468";"19406";"18482";"26104";"24109";"25340";"21671";"19014";"56308";"26651";"21794";"21114";"13011";"25992";"24271";"26525";"28581";"27174";"26560";"20769";"25101";"91554";"22012";"22984";"15962";"72713";"69904";"148403";"79649";"39470";"22350";"18747";"21070";"32884";"18787";"14804";"9999";"39819";"27768";"27149";"19317";"16815";"14527";"17804";"20365";"16733";"16428";"14237";"10253";"18276";"18095";"16634";"16787";"17784";"16816";"18015";"17929";"14513";"16512";"17187";"11453";"22671";"26915";"28736";"9192";"12290";"20284";"28866";"25252";"24398";"38107";"27100";"16036";"19724";"18146";"21401";"20674";"17579";"2561";"0";"14796948"
"16 Amapá";"0";"1177";"5387";"13382";"201466";"63984";"89652";"78454";"48167";"37051";"1564";"855";"1796";"2580";"2043";"2658";"1834";"2573";"2265";"1551";"1947";"1639";"1738";"1918";"1910";"2166";"3451";"5418";"2159";"3039";"2819";"2011";"2607";"1649";"2785";"2226";"2951";"3154";"3665";"3392";"2545";"3493";"2398";"2326";"1986";"1722";"2606";"2199";"3083";"3528";"3736";"3598";"2674";"3875";"3054";"2814";"6895";"3615";"37865";"19427";"8821";"8398";"6402";"4931";"4248";"5768";"5587";"2512";"2049";"1748";"2550";"2282";"3267";"4393";"3185";"3555";"3114";"2222";"3519";"2992";"2587";"1728";"2825";"2453";"3205";"3871";"5396";"4307";"3042";"3378";"4132";"2150";"3068";"1676";"2614";"2446";"2568";"2722";"3693";"3515";"3009";"3414";"3464";"3231";"3216";"2339";"2995";"2698";"3330";"4152";"5192";"4360";"3555";"6386";"2833";"2890";"2732";"1041";"2839";"2578";"2721";"3579";"2680";"2672";"3425";"4850";"3646";"2393";"2373";"1723";"3305";"2988";"2824";"3269";"3143";"2679";"2654";"3172";"3509";"3228";"1499";"1796";"2208";"1976";"2785";"2244";"3389";"2682";"3033";"7062";"4283";"3720";"3818";"2775";"4060";"4412";"4401";"3995";"3617";"3365";"3308";"4649";"9302";"3484";"3234";"2558";"5754";"6968";"8250";"5179";"4090";"2897";"2306";"2733";"5584";"2075";"2043";"1438";"4429";"3813";"3114";"2340";"1899";"1855";"2109";"2485";"2069";"2236";"1903";"1379";"2429";"2165";"2145";"1925";"1998";"2081";"2121";"2148";"1288";"2099";"1945";"1684";"2031";"1955";"2051";"340";"373";"1077";"2239";"1806";"2154";"4045";"1245";"1979";"3024";"2796";"1791";"2621";"2279";"199";"0";"1225164"
"17 Tocantins";"0";"0";"29641";"126793";"253470";"442866";"248854";"93013";"94856";"106538";"7446";"8023";"8428";"14223";"6619";"8942";"4698";"12208";"6331";"18466";"18373";"14336";"8411";"9429";"19901";"16817";"12738";"11539";"7246";"15367";"6167";"6458";"10088";"10550";"7962";"7059";"8004";"10003";"9073";"11276";"6318";"10588";"5760";"6430";"7702";"5469";"7555";"6656";"8171";"11127";"10003";"12878";"6428";"11728";"10698";"16167";"11020";"7421";"154954";"40292";"16323";"11362";"8180";"9989";"6038";"15283";"10177";"5807";"5422";"4998";"6227";"6130";"7352";"9026";"8687";"12528";"7777";"10541";"10385";"7495";"7542";"5898";"8594";"9240";"13217";"22371";"18723";"12306";"6597";"9698";"6970";"5908";"6306";"4846";"6476";"6746";"7850";"9880";"9624";"8089";"5414";"8548";"6506";"6839";"7572";"5324";"7281";"6219";"8382";"6581";"10974";"7634";"5779";"9111";"6835";"7377";"6069";"3998";"6367";"6261";"7387";"13504";"8019";"7676";"6393";"8558";"9891";"7667";"6769";"4338";"7246";"6704";"9020";"10061";"8444";"6065";"6153";"7106";"7899";"5094";"6119";"4012";"6475";"5201";"8744";"7600";"10300";"11525";"8763";"23834";"12197";"9675";"8817";"5142";"7185";"6343";"8061";"10055";"8474";"7444";"4918";"6309";"25402";"8240";"6389";"3935";"23394";"27376";"20955";"7197";"6230";"4048";"2739";"3686";"4752";"2818";"2507";"2021";"8136";"5186";"4058";"3542";"3517";"2844";"2911";"3673";"2581";"3015";"2653";"1932";"3673";"3013";"2762";"3032";"3379";"2799";"2549";"3311";"1928";"3326";"3666";"2381";"5066";"8315";"6248";"3585";"7078";"6250";"5696";"5022";"5031";"11769";"5889";"3600";"4684";"3857";"4524";"5357";"4844";"705";"0";"3245519"
"21 Maranhão";"895983";"1427423";"211545";"169951";"1523654";"766983";"1364866";"457278";"343393";"353607";"22444";"19885";"21733";"40782";"32541";"30567";"21152";"27367";"24151";"18326";"23161";"16822";"19048";"20481";"32262";"53128";"79776";"44291";"17324";"36637";"26675";"25472";"29295";"27146";"24601";"25788";"30503";"35351";"47086";"43189";"23657";"31333";"23253";"20227";"29240";"25774";"26912";"27272";"27187";"35918";"40161";"37071";"30091";"32123";"30343";"28884";"32535";"23966";"197730";"63322";"35891";"46355";"40085";"38267";"29848";"45680";"35066";"27652";"29466";"23234";"28231";"31155";"31765";"35967";"32079";"29053";"20938";"19475";"27974";"23000";"25315";"26050";"30401";"31293";"38731";"44326";"44248";"40225";"29794";"36460";"29719";"32391";"37716";"30243";"27229";"28048";"30251";"34725";"41309";"35323";"31687";"37691";"37292";"26357";"36725";"24872";"30927";"28257";"35232";"30560";"40237";"36333";"30081";"39195";"29077";"32941";"25863";"18812";"20370";"19259";"26739";"40296";"32935";"34197";"30631";"40262";"44949";"30361";"25172";"19521";"23383";"22556";"26436";"29401";"28017";"23681";"25844";"24835";"29699";"26349";"21767";"15259";"20991";"20606";"38792";"32054";"36838";"29725";"27202";"65908";"34774";"27907";"26136";"17465";"22535";"20229";"23681";"27754";"27600";"23026";"18967";"21093";"83665";"25646";"21472";"12178";"69144";"75751";"70023";"26913";"23266";"14796";"15422";"16751";"30430";"16929";"14055";"8497";"46286";"35104";"30531";"23837";"20096";"15495";"17078";"20215";"14587";"16534";"13612";"9396";"17655";"16986";"16474";"18348";"19350";"15871";"17328";"14766";"14072";"16341";"14674";"10458";"17816";"26254";"26931";"9840";"12735";"18393";"25040";"22261";"22165";"41322";"18629";"12332";"15862";"13996";"15861";"18679";"13781";"1137";"0";"13634051"
"22 Piauí";"20743";"46284";"43243";"3452";"19685";"31302";"899816";"256362";"96661";"87036";"7029";"6452";"7689";"9865";"6935";"8627";"6456";"7936";"5557";"4955";"7033";"4115";"6690";"6786";"7810";"11070";"8782";"14888";"6519";"10527";"7151";"8676";"9448";"8381";"7917";"8031";"8953";"9567";"10881";"12292";"8706";"8441";"6626";"5259";"11260";"9270";"9918";"9281";"10322";"13652";"14185";"12729";"11879";"12464";"9767";"11123";"11271";"25653";"103875";"45970";"20802";"18459";"11296";"10265";"9178";"12900";"8509";"5943";"7200";"5682";"7743";"6500";"7737";"7418";"7509";"7678";"6691";"7110";"6637";"6912";"7798";"5309";"8151";"7866";"10771";"11394";"12892";"12407";"11197";"11912";"9919";"8092";"8884";"7090";"8424";"7581";"8642";"9327";"10008";"10472";"10745";"14447";"9889";"10417";"10292";"7898";"9919";"9068";"11691";"10259";"13460";"12713";"11287";"11798";"11118";"10356";"10180";"8118";"7876";"7819";"9395";"9427";"8245";"10895";"10530";"12329";"11704";"11452";"10682";"7137";"9301";"7382";"7613";"10362";"9501";"8683";"8060";"8200";"8074";"7780";"6255";"4209";"6976";"5734";"9023";"7451";"7696";"7462";"7168";"20411";"8184";"8344";"9190";"5548";"9405";"7789";"8157";"8724";"8214";"8935";"7419";"7886";"39496";"10836";"9317";"5701";"21193";"25651";"26706";"10784";"6928";"6497";"5992";"6676";"10829";"6019";"5238";"3469";"21236";"11912";"8849";"8000";"5988";"5284";"5966";"6078";"5290";"5967";"5406";"3817";"6715";"6104";"5711";"5291";"6225";"5753";"6708";"5688";"5146";"7521";"7266";"5058";"8159";"12443";"11100";"3725";"8342";"9803";"10021";"10391";"9874";"24391";"13121";"7219";"8134";"7425";"7259";"7944";"7576";"1269";"0";"3586347"
"23 Ceará";"0";"0";"188";"0";"91678";"302814";"386570";"50504";"10859";"3874";"739";"381";"592";"1211";"525";"669";"534";"997";"809";"411";"1255";"666";"986";"843";"1236";"1699";"743";"1416";"852";"808";"911";"890";"5987";"1063";"1496";"1117";"1007";"792";"1208";"204";"1565";"861";"910";"870";"1038";"913";"1023";"881";"964";"908";"1055";"1162";"978";"904";"591";"996";"989";"1667";"20182";"5264";"2205";"3827";"2989";"1971";"2226";"2007";"1522";"824";"1498";"1569";"2320";"1797";"1533";"2113";"2107";"1903";"1908";"1258";"1446";"1255";"1495";"1664";"2167";"1038";"1177";"1264";"1361";"1402";"1479";"1517";"1080";"1283";"1029";"1389";"1424";"1411";"1332";"1271";"1311";"2064";"2150";"1949";"1411";"1487";"1857";"1513";"1736";"1793";"1638";"1599";"1783";"1881";"1518";"1616";"1180";"1425";"1224";"1284";"1713";"1220";"1349";"1599";"1589";"1730";"3139";"2059";"1649";"1778";"1492";"1387";"1557";"1785";"1387";"1466";"1476";"1749";"2223";"2180";"1760";"2122";"1989";"1787";"1923";"1443";"1733";"1442";"1891";"1971";"2336";"2042";"1512";"1598";"1962";"1567";"2002";"1396";"1617";"1149";"2078";"1774";"1835";"1765";"2908";"1248";"1478";"1665";"7821";"12961";"11486";"7883";"6639";"6809";"3711";"3252";"2802";"4989";"4593";"3915";"35015";"17582";"15047";"9970";"8345";"7208";"5341";"3563";"2718";"2528";"3198";"3946";"2899";"5331";"3117";"2828";"3223";"2991";"2920";"2110";"2082";"2106";"2130";"1797";"1561";"1687";"1623";"1517";"5708";"8828";"14461";"21965";"46068";"120217";"55992";"31374";"24918";"22021";"15340";"13106";"11342";"1721";"0";"1726560"
"24 Rio Grande do Norte";"14681";"2";"1437";"273";"3873";"5785";"66947";"15117";"6828";"7935";"416";"385";"765";"550";"466";"1096";"136";"341";"147";"105";"794";"495";"2469";"1146";"1690";"1093";"1450";"1120";"1207";"2387";"1193";"1232";"906";"495";"843";"791";"934";"469";"1231";"1030";"999";"1114";"1319";"948";"423";"377";"754";"450";"467";"916";"516";"603";"666";"297";"477";"458";"573";"612";"9611";"5482";"2796";"2026";"1245";"1141";"709";"648";"470";"708";"540";"699";"940";"508";"567";"859";"715";"650";"496";"619";"627";"434";"715";"922";"700";"477";"568";"564";"566";"813";"903";"809";"833";"608";"635";"772";"793";"844";"732";"1072";"885";"1114";"842";"1021";"943";"797";"812";"966";"1107";"944";"993";"821";"1109";"1084";"874";"758";"652";"1035";"779";"700";"905";"617";"845";"750";"1010";"897";"1534";"817";"1250";"693";"691";"1099";"770";"866";"1179";"1312";"750";"1244";"971";"1002";"914";"1046";"814";"585";"773";"710";"669";"1469";"920";"980";"861";"942";"925";"598";"569";"800";"799";"684";"618";"741";"887";"750";"770";"675";"560";"688";"582";"619";"2356";"3056";"2465";"1803";"1302";"1249";"1137";"927";"902";"927";"1543";"1346";"8813";"7044";"5424";"4391";"3239";"2239";"2246";"2009";"1747";"1711";"1932";"3390";"2187";"2216";"1691";"1706";"1725";"1678";"1561";"1924";"1776";"1665";"1282";"1333";"1521";"1432";"903";"169";"277";"1096";"1677";"2241";"2340";"5199";"3409";"2613";"1542";"1623";"1773";"1912";"1697";"580";"0";"383377"
"25 Paraíba";"0";"0";"322";"740";"1385";"7545";"5664";"4857";"3110";"1738";"436";"244";"105";"151";"199";"176";"99";"157";"231";"143";"280";"333";"209";"193";"297";"154";"74";"180";"248";"375";"311";"296";"271";"311";"466";"253";"135";"173";"452";"328";"232";"129";"345";"270";"196";"236";"189";"258";"503";"263";"364";"133";"366";"444";"426";"480";"219";"556";"9212";"2367";"1895";"964";"672";"608";"308";"743";"415";"731";"516";"365";"645";"374";"639";"906";"689";"456";"408";"706";"968";"743";"1307";"1017";"284";"734";"450";"604";"656";"337";"804";"585";"250";"549";"705";"566";"645";"610";"674";"198";"415";"1027";"373";"810";"764";"344";"722";"426";"768";"716";"727";"177";"1155";"341";"669";"800";"478";"750";"255";"464";"549";"482";"778";"758";"757";"533";"1315";"566";"667";"513";"457";"480";"543";"631";"353";"467";"846";"329";"368";"714";"468";"875";"422";"312";"488";"454";"676";"578";"705";"657";"752";"867";"622";"566";"687";"284";"642";"560";"374";"536";"461";"334";"229";"489";"283";"113";"172";"48";"2403";"2898";"3783";"1583";"1669";"1659";"1264";"861";"889";"617";"1134";"860";"6113";"3598";"2107";"2279";"2279";"2260";"2225";"1418";"685";"911";"1365";"1942";"1264";"1436";"1163";"1408";"1245";"1024";"1138";"1385";"1406";"1462";"927";"1104";"1069";"1173";"635";"129";"664";"2479";"7257";"9768";"8626";"40142";"16653";"10279";"11887";"9916";"10733";"12145";"8059";"1026";"0";"326900"
"26 Pernambuco";"8";"86";"2113";"7805";"8224";"5016";"114732";"91987";"39542";"36067";"1720";"1795";"2233";"2357";"3257";"3588";"2401";"6076";"1888";"1594";"3823";"3766";"2173";"700";"1322";"2050";"707";"998";"323";"3474";"238";"774";"894";"579";"1387";"660";"752";"1350";"1271";"2059";"2074";"1547";"232";"618";"602";"454";"951";"1546";"1299";"1406";"838";"867";"1156";"711";"563";"1802";"1328";"1343";"24918";"10703";"6180";"5231";"4000";"4031";"2791";"2315";"2515";"2291";"1728";"1598";"2512";"2135";"2651";"2648";"1964";"2281";"2063";"1696";"1891";"1617";"1397";"1954";"2288";"1486";"1684";"1524";"1564";"2094";"1367";"1663";"1486";"1678";"1510";"1545";"1380";"1649";"1292";"1837";"1859";"2146";"1569";"2152";"1929";"1693";"1701";"1434";"2047";"2103";"1809";"1972";"2124";"2337";"2210";"2139";"2671";"1707";"2041";"2061";"1870";"2589";"2146";"1908";"3408";"2400";"3052";"3153";"2981";"1844";"2491";"1445";"1371";"1818";"2075";"1669";"1784";"1865";"2122";"2196";"2116";"1528";"1487";"1199";"1512";"1595";"1468";"1712";"2959";"2250";"2579";"2568";"2358";"1661";"1466";"1648";"1886";"1323";"1441";"1349";"2015";"1223";"1244";"1235";"1461";"1127";"1345";"1203";"10030";"12873";"10204";"6660";"5773";"5431";"3456";"2220";"2024";"3019";"3175";"3899";"32120";"21181";"13128";"10246";"8811";"6628";"5856";"5069";"4338";"3838";"3913";"5737";"5259";"5918";"4076";"3731";"3424";"3083";"3891";"4313";"4164";"3844";"2839";"4078";"48573";"55309";"214379";"47167";"97310";"73358";"100847";"95096";"82179";"209792";"102146";"41377";"35230";"30737";"34565";"37684";"27881";"3558";"0";"2206569"
"27 Alagoas";"0";"0";"0";"163";"1974";"2886";"23225";"13811";"5017";"3856";"212";"157";"209";"116";"256";"177";"335";"664";"49";"389";"245";"266";"272";"239";"631";"258";"313";"415";"210";"126";"161";"527";"255";"185";"223";"302";"144";"117";"664";"249";"217";"211";"110";"55";"128";"175";"314";"362";"287";"491";"312";"240";"302";"354";"234";"426";"411";"35";"4687";"5773";"4014";"1967";"1136";"806";"552";"834";"415";"725";"471";"695";"786";"966";"831";"837";"596";"803";"593";"757";"693";"434";"578";"777";"926";"770";"354";"513";"712";"549";"551";"682";"649";"505";"630";"522";"568";"590";"556";"467";"304";"541";"389";"539";"209";"432";"497";"361";"752";"788";"685";"504";"531";"576";"480";"804";"562";"469";"590";"415";"593";"560";"297";"781";"516";"435";"799";"744";"563";"566";"434";"377";"659";"691";"436";"542";"571";"713";"640";"612";"526";"362";"534";"588";"703";"445";"560";"458";"1519";"816";"809";"397";"504";"519";"499";"591";"692";"508";"486";"515";"550";"464";"456";"491";"539";"281";"529";"446";"3812";"4668";"2969";"1255";"1745";"1220";"1047";"1039";"839";"810";"1049";"912";"9643";"6764";"11828";"7046";"6948";"3000";"2182";"1928";"1588";"1246";"1362";"1379";"1175";"2022";"1472";"1193";"1240";"1138";"988";"1208";"1297";"1459";"1476";"2059";"1982";"2466";"1403";"252";"340";"305";"829";"4235";"5412";"20934";"11459";"7003";"9324";"8420";"11080";"10163";"10843";"1357";"0";"342789"
"28 Sergipe";"0";"0";"551";"343";"1524";"1303";"277265";"38340";"2724";"2334";"101";"118";"190";"44";"207";"143";"186";"84";"154";"116";"477";"280";"122";"145";"147";"345";"234";"187";"91";"141";"147";"172";"133";"411";"155";"211";"279";"170";"152";"144";"327";"149";"204";"265";"339";"199";"262";"406";"310";"248";"280";"356";"367";"316";"304";"284";"282";"274";"12255";"3726";"1670";"1366";"997";"657";"815";"545";"454";"346";"269";"285";"243";"264";"452";"851";"448";"446";"411";"356";"372";"343";"239";"500";"352";"549";"466";"349";"550";"554";"457";"470";"561";"1300";"735";"395";"553";"352";"408";"979";"431";"508";"669";"655";"496";"538";"483";"496";"688";"798";"562";"681";"558";"600";"557";"463";"371";"436";"452";"201";"565";"354";"386";"750";"260";"265";"749";"647";"527";"254";"447";"542";"618";"386";"422";"311";"1236";"862";"336";"497";"483";"480";"680";"504";"515";"574";"338";"348";"409";"698";"443";"579";"339";"202";"294";"222";"302";"225";"299";"134";"301";"258";"243";"256";"239";"145";"247";"114";"3215";"3697";"2732";"2207";"1371";"844";"404";"636";"454";"785";"1052";"659";"13055";"8147";"5794";"3230";"2492";"1694";"2710";"1976";"1444";"1001";"1449";"1855";"1448";"2088";"1250";"1307";"1167";"793";"956";"647";"868";"866";"759";"749";"745";"1028";"574";"101";"124";"236";"362";"466";"400";"439";"563";"368";"409";"368";"301";"313";"304";"20";"0";"486232"
"29 Bahia";"0";"0";"1317";"8308";"22209";"770931";"3029516";"2230375";"715468";"673436";"37106";"44517";"36180";"54389";"63465";"60271";"31528";"43284";"50553";"27644";"45358";"60509";"30909";"34075";"37545";"40109";"79815";"57782";"36197";"68791";"89386";"48284";"42815";"62231";"44451";"41741";"35916";"41800";"67210";"55678";"36356";"36122";"44811";"35530";"44941";"71715";"62015";"84422";"44722";"42637";"59998";"47460";"38307";"38718";"40916";"37749";"39112";"45758";"236112";"210758";"44890";"41039";"47133";"43505";"34718";"50842";"52467";"34795";"33830";"35593";"27455";"35149";"34178";"36068";"44430";"41659";"36070";"38912";"40757";"36395";"39187";"39225";"35723";"42525";"57233";"81203";"81176";"75440";"50830";"58683";"50991";"42003";"40580";"42311";"36690";"43615";"39891";"57094";"73799";"66002";"59841";"76441";"73046";"60675";"68376";"47252";"40334";"43061";"48082";"48330";"59524";"53357";"44146";"57094";"56490";"45223";"38935";"29555";"29039";"34480";"43739";"49780";"50672";"50926";"45788";"55146";"70973";"45116";"41530";"33266";"35488";"40587";"47686";"52538";"51481";"39811";"38245";"42925";"48879";"43240";"34581";"30417";"32954";"33081";"45011";"41469";"43409";"36594";"38402";"105753";"65856";"52549";"41538";"30284";"40146";"40763";"39369";"39880";"41065";"33563";"36020";"36879";"156687";"72116";"35548";"25929";"165072";"253134";"189832";"437103";"184564";"87223";"55514";"44949";"46609";"32392";"27148";"21724";"182857";"82326";"54412";"39567";"26826";"18577";"25071";"25092";"22108";"24854";"22376";"17344";"29028";"26245";"24728";"25460";"24254";"16679";"25801";"25853";"22408";"32426";"27772";"17780";"38928";"64572";"53777";"21578";"49071";"45562";"49730";"40388";"38890";"77820";"41595";"24642";"28295";"27071";"30995";"28469";"21268";"3008";"0";"18305071"
"31 Minas Gerais";"0";"0";"0";"10264";"2183358";"5894457";"3429168";"5385206";"455499";"837679";"40421";"42746";"55061";"83121";"59635";"66913";"34937";"44287";"31030";"30360";"39856";"28162";"43392";"46768";"47052";"52749";"69836";"56250";"31308";"53142";"30882";"36286";"37694";"34368";"41225";"38160";"42953";"60069";"64453";"49143";"34860";"42183";"31862";"45423";"46979";"37068";"75305";"51494";"51516";"73766";"75972";"55184";"44278";"51337";"40675";"46351";"44108";"35713";"1058486";"275459";"106298";"104177";"73147";"64420";"46639";"124029";"112530";"59588";"70578";"53317";"69026";"79672";"82887";"120506";"99237";"100701";"93857";"85545";"105594";"86075";"103935";"82554";"102660";"87456";"113892";"184904";"208721";"151500";"113920";"113173";"78476";"67024";"75538";"65660";"84771";"109852";"163288";"192078";"222283";"122163";"101511";"109630";"118150";"153517";"84277";"95524";"108434";"91560";"111041";"78607";"151557";"101425";"89141";"99452";"66648";"68247";"60153";"50066";"66628";"65529";"79563";"137195";"102760";"89211";"79945";"93576";"87062";"72084";"60998";"47190";"71044";"63981";"76786";"77644";"77828";"59326";"64477";"59823";"72324";"61910";"52316";"40205";"68873";"54767";"89018";"76668";"102714";"78892";"77075";"183692";"88490";"77056";"70827";"57338";"76405";"65712";"71551";"86033";"88061";"71424";"70390";"72553";"376377";"94317";"65363";"53439";"1933574";"1620796";"1248074";"233409";"90237";"45757";"36470";"33757";"49765";"33653";"38018";"37734";"764106";"407006";"180188";"92571";"56438";"38561";"39233";"42120";"29859";"38320";"33208";"28207";"44814";"37229";"36432";"36047";"41577";"33205";"36008";"31343";"23836";"44471";"33450";"22911";"65786";"135189";"100523";"50212";"118335";"82601";"82067";"68670";"53782";"148303";"70765";"43155";"50026";"42583";"45440";"57593";"35264";"3720";"0";"40529358"
"32 Espírito Santo";"0";"79";"0";"5421";"694";"1015";"122166";"327550";"9508";"187772";"2653";"20923";"67808";"76700";"35049";"40979";"11327";"15271";"8599";"8901";"15187";"5299";"5950";"6368";"6397";"8146";"9994";"9072";"7091";"9168";"7205";"4725";"8415";"5561";"5037";"4722";"6119";"6077";"6053";"6672";"6626";"7642";"4614";"6250";"5608";"4477";"23194";"13912";"6644";"7035";"8034";"7546";"6483";"7140";"6164";"6804";"7077";"4987";"55356";"15759";"8910";"8892";"6723";"6571";"5678";"9765";"7213";"4195";"4156";"3740";"4443";"4484";"3807";"2479";"2008";"1894";"2015";"1600";"1352";"937";"1427";"2082";"2981";"1649";"1840";"1612";"1913";"1742";"1818";"1845";"1271";"1339";"1344";"1679";"1660";"1482";"1502";"1878";"1442";"2202";"2260";"2415";"1689";"1836";"1779";"2140";"2210";"1858";"1817";"1557";"1999";"1876";"2952";"2100";"1419";"1786";"1720";"1695";"2330";"1138";"1449";"1928";"1803";"1716";"3451";"2315";"1810";"1766";"1809";"1692";"1883";"1789";"1873";"2039";"1756";"1851";"1916";"2246";"2083";"2319";"1618";"2297";"1452";"1078";"1342";"972";"1287";"1562";"1885";"1519";"1193";"1061";"850";"1324";"1385";"1048";"1121";"1348";"1465";"1417";"1866";"1346";"1254";"1110";"1144";"1252";"408932";"624551";"1207456";"149589";"71308";"30895";"12402";"18854";"15422";"11469";"15732";"297034";"28899";"17659";"13835";"8123";"7269";"6231";"6812";"7339";"6029";"6596";"6818";"5381";"9026";"8075";"7673";"7272";"8254";"6048";"8041";"8634";"7159";"9596";"10743";"7683";"14960";"33928";"23405";"6062";"15832";"11892";"13531";"14020";"13341";"35023";"18899";"12521";"13592";"10623";"10258";"10840";"9220";"1443";"0";"4888090"
"33 Rio de Janeiro";"0";"15273";"10114";"2504";"20174";"17560";"651110";"457662";"36103";"34089";"2627";"2683";"2208";"1566";"2046";"2486";"3646";"2536";"5942";"3008";"3444";"5798";"4213";"3307";"5410";"9603";"16607";"4583";"4138";"4190";"5374";"4124";"5789";"3305";"5741";"2510";"3459";"4108";"3841";"2401";"4155";"3818";"6543";"4093";"3703";"4175";"11025";"4643";"4555";"4059";"5095";"5366";"5930";"5151";"4144";"6098";"4668";"5951";"218455";"47949";"21136";"16729";"9220";"9096";"9272";"7027";"7653";"7039";"5908";"7287";"7971";"7012";"6848";"8020";"7145";"7128";"6927";"6223";"5489";"5195";"5910";"8727";"8827";"6557";"7233";"6162";"7616";"6836";"7912";"6865";"7187";"5721";"6437";"7023";"8245";"7117";"5916";"7634";"7646";"9048";"8898";"9336";"7404";"7443";"7152";"8998";"11397";"7691";"8043";"6398";"6797";"7460";"9086";"7850";"6053";"7488";"6702";"7389";"9995";"6418";"7600";"8227";"8181";"8989";"9914";"8741";"7682";"7677";"7195";"7187";"9242";"8275";"8269";"8467";"8686";"6776";"9316";"8075";"8868";"8589";"6809";"7950";"7531";"5605";"6281";"5974";"6546";"7342";"7895";"6268";"5836";"5786";"5025";"6251";"6787";"4830";"5354";"5228";"4865";"5091";"5976";"5805";"6138";"6452";"6497";"7989";"106998";"349523";"2540844";"1111871";"546641";"317592";"280941";"120737";"134567";"77301";"60954";"50639";"2043975";"280063";"154473";"49710";"40305";"84068";"25626";"20829";"20909";"231132";"76405";"109482";"38809";"35715";"32613";"27014";"29681";"24455";"26648";"24467";"20327";"31931";"81962";"17330";"30518";"31501";"28672";"10168";"22239";"21814";"26460";"28235";"24970";"70933";"34126";"19661";"26497";"21289";"25460";"22250";"24795";"4448";"0";"12234440"
"35 São Paulo";"0";"0";"0";"0";"1253368";"1523448";"3266142";"552836";"519732";"578909";"28613";"26259";"27749";"37635";"30779";"30811";"32918";"29658";"28084";"23538";"24447";"28072";"37342";"30062";"42202";"38845";"41424";"42177";"36127";"35818";"36881";"28512";"30830";"33794";"36871";"31275";"36191";"36347";"41124";"40443";"42095";"31726";"32569";"28951";"29179";"34663";"45958";"39411";"43387";"49305";"47058";"41467";"38746";"39182";"33267";"35354";"38117";"35326";"809214";"369121";"141193";"187345";"97112";"301523";"216580";"97234";"76830";"40326";"43552";"60530";"103508";"81576";"343465";"942241";"254762";"117581";"70766";"51587";"55460";"48338";"60113";"67100";"240820";"174463";"102530";"143223";"127376";"90081";"64228";"58756";"46400";"44641";"53066";"49456";"66492";"59356";"54274";"61384";"90342";"65161";"60828";"59899";"47749";"51559";"52995";"61822";"69537";"56044";"60619";"55449";"88683";"69123";"66043";"64752";"47705";"50205";"47889";"44655";"60595";"53564";"57096";"87740";"69404";"65390";"62325";"59128";"55596";"51648";"46706";"46157";"57541";"50881";"58471";"63316";"65922";"50347";"54030";"50216";"54418";"52150";"41676";"42739";"50480";"39718";"47464";"42321";"59545";"51553";"50856";"70267";"45367";"45454";"43654";"43738";"51352";"40795";"45177";"47595";"51005";"44765";"44350";"40406";"175967";"58939";"63596";"58755";"413655";"569027";"329220";"459927";"337805";"159014";"85525";"97102";"209235";"738151";"736486";"910700";"3033371";"545657";"402295";"186823";"119338";"83774";"173420";"144514";"118110";"123094";"211986";"199581";"228511";"298514";"188789";"153533";"149672";"124994";"140888";"134557";"123891";"145547";"108236";"83134";"169924";"256227";"194637";"78095";"183944";"153551";"158111";"135672";"120984";"270982";"154667";"94430";"126188";"102413";"97923";"125851";"72749";"8345";"0";"34112630"
"41 Paraná";"0";"1381";"1393";"2973";"1821";"2869241";"993991";"963614";"322304";"261130";"13699";"14834";"27184";"76712";"40767";"57867";"28274";"55068";"35226";"31471";"57852";"36393";"27819";"32663";"98216";"58358";"68960";"63795";"30632";"52994";"28468";"31607";"36205";"29945";"27402";"28576";"31869";"35174";"40123";"51066";"31493";"36676";"30300";"25344";"26793";"22778";"26631";"28292";"30560";"32495";"34444";"35675";"23146";"30788";"26791";"27271";"26252";"22494";"461642";"135345";"308769";"333123";"64081";"33507";"22890";"48406";"35848";"20646";"21452";"20204";"27384";"27187";"37146";"102670";"50368";"32223";"24941";"34194";"58959";"58479";"48856";"46718";"44235";"50058";"61312";"125399";"104863";"72127";"53472";"43089";"31105";"27433";"29798";"26591";"29994";"37213";"52693";"104356";"82209";"46663";"36556";"50464";"50811";"45626";"40269";"33681";"32448";"32143";"36055";"36207";"51712";"37305";"36449";"54056";"31157";"30936";"26945";"22059";"31085";"27972";"30084";"49421";"34730";"32133";"33744";"43734";"37325";"31341";"31234";"26086";"31276";"29050";"41736";"42035";"35389";"28710";"35694";"35024";"36184";"34061";"31584";"24589";"32238";"31588";"44829";"39617";"49786";"37239";"34386";"85608";"35832";"36717";"36382";"32104";"40533";"35665";"35856";"42158";"38699";"37092";"34748";"35501";"129128";"39271";"36634";"28172";"89388";"90430";"86954";"37740";"27491";"20603";"19080";"20991";"29673";"18028";"19787";"16512";"97978";"60050";"46185";"71150";"28011";"22269";"32471";"37117";"29528";"40760";"96168";"59580";"107318";"363685";"205218";"161944";"92938";"62260";"45723";"55942";"47598";"54852";"46564";"28428";"62942";"159481";"107850";"30166";"80449";"56069";"55106";"41622";"41640";"109011";"106931";"63211";"54461";"57541";"34354";"40113";"21419";"1985";"0";"16286586"
"42 Santa Catarina";"434";"398";"5778";"2617";"4829";"4500";"40937";"333341";"69810";"52010";"2873";"3212";"3005";"4044";"2491";"3757";"3239";"3402";"3223";"2915";"3443";"2783";"3128";"2522";"3005";"3821";"3176";"5398";"4096";"5816";"3861";"3397";"4147";"3577";"4025";"3436";"3646";"3653";"3714";"3667";"5046";"5058";"3941";"3608";"3907";"3399";"3655";"3441";"3877";"4285";"4032";"4255";"4670";"4928";"4109";"4839";"4226";"3938";"64583";"24592";"17322";"19787";"27745";"8039";"9982";"9787";"6493";"4313";"4503";"5830";"9549";"7261";"6141";"61363";"46431";"17715";"9954";"6153";"6449";"5431";"5389";"7865";"9813";"7580";"9853";"10481";"12108";"11243";"9941";"14107";"9783";"7797";"10937";"7628";"8186";"8757";"11993";"24167";"31366";"42539";"31089";"42905";"34412";"33265";"33039";"20193";"17252";"20660";"16920";"12179";"22569";"16201";"14293";"29882";"12154";"12209";"10693";"8366";"11244";"9318";"9672";"17219";"10768";"11475";"12120";"14291";"12289";"10619";"9919";"7724";"10883";"10151";"10133";"10866";"10210";"8058";"16490";"16571";"11639";"10979";"10440";"7451";"10107";"8326";"9742";"8841";"10839";"7084";"11006";"18189";"9171";"9184";"8842";"7766";"10719";"9149";"8828";"10601";"9981";"8872";"8424";"8441";"32878";"10304";"9505";"6903";"32946";"32208";"35190";"15724";"12126";"9490";"7651";"7313";"12641";"6935";"7890";"6801";"57605";"41385";"29642";"23897";"21071";"20705";"25255";"22832";"54005";"105922";"106879";"56570";"58664";"328276";"344493";"488014";"179357";"63910";"67370";"60608";"69240";"84303";"82214";"26942";"75762";"175901";"76085";"25960";"47903";"34673";"30364";"21743";"23386";"69767";"40117";"19074";"26848";"33077";"30816";"32925";"18270";"1654";"1";"5640208"
"43 Rio Grande do Sul";"0";"0";"6191";"5405";"8192";"11138";"51105";"398870";"104896";"121510";"3642";"2788";"3238";"3156";"4535";"3805";"3650";"5139";"3582";"3661";"3220";"3723";"4483";"3206";"4934";"4804";"5320";"3652";"3166";"3306";"3808";"3548";"4004";"4128";"5127";"3910";"3693";"4190";"5435";"4180";"9520";"4791";"3615";"3810";"3597";"4098";"5059";"4483";"4888";"6947";"4757";"4154";"4700";"4978";"7350";"6269";"4739";"4825";"111348";"66525";"26890";"23893";"14443";"9720";"11815";"8970";"8309";"5837";"9998";"267670";"632014";"330290";"168637";"1022822";"1199454";"202815";"46291";"27170";"19579";"16429";"17298";"29446";"18331";"14723";"17706";"18101";"14627";"16479";"10493";"12986";"9574";"7786";"10264";"9201";"10811";"11335";"12914";"12666";"19831";"21286";"31859";"55160";"31130";"27527";"36921";"20176";"21061";"18653";"20852";"17999";"18625";"19768";"20571";"47685";"20961";"20098";"19362";"15297";"19972";"18890";"19554";"20406";"15115";"22639";"16623";"16603";"24472";"38204";"14337";"11604";"22001";"17207";"16888";"16864";"12409";"12208";"16773";"15276";"14432";"14145";"12024";"12494";"16741";"13020";"18759";"14524";"11928";"12984";"19277";"66870";"21892";"19750";"20977";"17954";"23270";"21344";"19025";"18722";"15465";"18088";"17939";"19887";"116471";"27764";"24721";"18583";"58720";"63333";"83046";"23818";"14673";"12852";"13360";"21796";"43652";"16276";"16286";"15076";"88826";"54631";"43891";"26542";"17145";"14683";"20187";"21539";"17036";"27352";"22197";"17881";"25991";"26183";"23761";"27850";"24511";"22041";"58604";"50480";"23752";"39494";"35756";"21607";"36556";"128843";"65144";"17485";"38737";"36505";"34345";"26547";"25560";"99804";"57673";"24172";"24292";"21737";"22664";"29797";"20070";"2295";"0";"8773551"
"50 Mato Grosso do Sul";"0";"0";"59715";"88319";"162943";"144353";"524577";"172191";"211717";"167807";"6706";"7124";"6629";"14784";"9700";"11202";"7617";"9999";"6795";"6471";"4322";"5899";"8582";"9681";"9293";"9583";"13874";"12668";"7929";"10367";"7453";"8267";"8204";"8165";"9365";"9644";"10859";"9690";"13106";"11820";"8672";"11124";"9199";"8347";"10750";"9824";"9712";"10263";"12839";"15805";"21260";"22392";"35407";"15442";"15304";"18255";"19140";"12143";"526605";"133828";"32162";"19988";"13111";"13803";"9998";"21505";"13523";"8854";"7974";"6280";"9924";"8297";"9885";"11112";"12403";"12913";"8864";"8114";"9922";"8221";"8037";"6452";"10029";"9151";"13557";"19315";"20869";"14701";"12229";"11791";"8802";"8809";"9921";"8066";"12409";"10870";"11909";"14127";"20392";"13227";"11803";"14740";"10453";"11497";"13285";"8442";"13308";"11120";"14461";"11869";"21815";"14999";"13365";"16550";"12256";"10514";"9790";"7194";"11897";"9909";"12336";"21956";"14205";"12804";"11044";"13375";"13273";"11383";"10027";"7219";"14615";"12985";"14534";"17942";"16118";"13429";"14423";"14763";"13966";"11554";"12033";"7939";"13893";"11660";"16062";"12272";"19312";"12823";"12311";"30093";"15653";"11589";"11099";"8703";"13554";"12981";"12061";"13004";"16658";"14005";"11834";"12014";"41107";"14187";"11895";"8192";"38096";"47612";"27386";"13564";"10065";"7342";"6366";"6199";"10548";"5453";"5911";"4799";"19632";"11561";"8648";"7126";"6025";"5386";"6757";"7532";"6731";"6914";"6555";"4806";"8271";"7264";"6705";"6649";"7121";"7256";"8881";"7581";"5817";"7938";"7870";"6867";"9586";"14487";"10632";"4566";"10550";"10001";"10618";"9238";"8473";"21519";"14242";"7984";"9024";"7734";"8100";"10281";"6085";"996";"0";"4666749"
"51 Mato Grosso";"107960";"165348";"109522";"150713";"743101";"321879";"937049";"205935";"195909";"314780";"8530";"10928";"8625";"12324";"17989";"15093";"12114";"11356";"16021";"9172";"13063";"12321";"8951";"10319";"13169";"14851";"21737";"18045";"16822";"15157";"19857";"14589";"13945";"13315";"10137";"13473";"11911";"13474";"23212";"17153";"11956";"12467";"15808";"10388";"10380";"7995";"9534";"13896";"12945";"12647";"21304";"18179";"16751";"14523";"17342";"13845";"13635";"13419";"127564";"186532";"120580";"50383";"43312";"28246";"23102";"43122";"44698";"20709";"13663";"10687";"11539";"13439";"12785";"13690";"17926";"14469";"16105";"12547";"13383";"13185";"13548";"11970";"9415";"13317";"13554";"23656";"27920";"26845";"23069";"18310";"15099";"10342";"10292";"9629";"8794";"11105";"11805";"13370";"16719";"15293";"14319";"16249";"12581";"12540";"16687";"10903";"10581";"14489";"12920";"12845";"16176";"18009";"16485";"14904";"16588";"12619";"12398";"9676";"9806";"13212";"13788";"15357";"21356";"18114";"18287";"18308";"21870";"16357";"14484";"11219";"12031";"14966";"18829";"27119";"21560";"19033";"17658";"17063";"17490";"13910";"10404";"9880";"12585";"12604";"16947";"16305";"20057";"19401";"16464";"32162";"17929";"15800";"15592";"10675";"15402";"14307";"16145";"17114";"18358";"18382";"16802";"16334";"55663";"19137";"15014";"10977";"42529";"43456";"41641";"25035";"21767";"14929";"11797";"15269";"16346";"9915";"9840";"7644";"26944";"18647";"15756";"11849";"10953";"9210";"10974";"12254";"9395";"10498";"9337";"7962";"12003";"9976";"9519";"10423";"11360";"8829";"10465";"10099";"7026";"10647";"11157";"7886";"17001";"27317";"17584";"7272";"18650";"14549";"14664";"13140";"12630";"37780";"22187";"11133";"13849";"10951";"10970";"12045";"11184";"1464";"0";"6963514"
"52 Goiás";"48405";"89511";"187296";"279085";"1180795";"405147";"2795787";"251646";"209540";"227059";"12110";"10679";"11195";"23412";"28374";"21074";"23546";"37913";"34022";"23213";"20816";"15324";"16296";"17844";"21314";"22449";"51643";"32085";"20628";"23980";"19846";"19284";"16837";"14633";"20681";"20758";"18735";"19231";"39674";"26229";"23282";"21562";"23573";"18972";"19679";"19213";"21650";"32366";"24784";"27459";"94908";"70916";"57275";"45677";"58735";"41680";"45121";"167574";"2163134";"410942";"44095";"25167";"19810";"19545";"15464";"22519";"21062";"14557";"14510";"13527";"17257";"15909";"17531";"21279";"22503";"20506";"18222";"17429";"18248";"15311";"15939";"14430";"23339";"23322";"27937";"40670";"40423";"34191";"32167";"27140";"17924";"15785";"17317";"16238";"21028";"21673";"21495";"23290";"31242";"25206";"21822";"27718";"21128";"34306";"22630";"38019";"24920";"20546";"27576";"23318";"35042";"29450";"25381";"30812";"19619";"20248";"18613";"13882";"24328";"21824";"26725";"40516";"32113";"32895";"26828";"33689";"28974";"22214";"19812";"14814";"25606";"22069";"25680";"25410";"26838";"17731";"22863";"22735";"23182";"21023";"21213";"14331";"21377";"24466";"36660";"24016";"31673";"55638";"40862";"76499";"30946";"22823";"32713";"21731";"27959";"26210";"26068";"27691";"28033";"25520";"20247";"31210";"112523";"29980";"23235";"17573";"90287";"77063";"63358";"38939";"26111";"16570";"13866";"14615";"20678";"11172";"11262";"8987";"46597";"25194";"20398";"16118";"13361";"12326";"14119";"17462";"12230";"13273";"12049";"9416";"16832";"14232";"14631";"14204";"14956";"11708";"14315";"14945";"12914";"13558";"13770";"8809";"22746";"35180";"22995";"9354";"33315";"23896";"23836";"20692";"21344";"63795";"32658";"16290";"17441";"16005";"17438";"25451";"14256";"1817";"0";"13684735"
"53 Distrito Federal";"0";"68";"29180";"222309";"191116";"225299";"1284060";"92302";"72777";"72205";"5340";"5000";"6664";"10019";"5816";"8691";"4981";"5412";"6016";"5225";"5831";"5757";"5761";"5295";"6663";"8316";"8003";"6818";"5781";"6857";"5699";"4973";"4871";"5233";"6399";"6116";"6312";"7424";"10952";"6416";"7109";"6797";"5747";"5868";"5848";"5962";"9110";"8236";"8566";"10655";"10551";"10134";"10951";"10859";"14096";"14216";"10180";"116086";"1363464";"29210";"11684";"8062";"7005";"8003";"8462";"10905";"12797";"7913";"6893";"7050";"8374";"6373";"8159";"12400";"11671";"8842";"8281";"7830";"7918";"7313";"7539";"8634";"13455";"10744";"17088";"22390";"17965";"12238";"10610";"10714";"10182";"8371";"7906";"8488";"9793";"8050";"7928";"11405";"17183";"9620";"9291";"8574";"8541";"8092";"3768";"8916";"11466";"9403";"10797";"9537";"17006";"12307";"10541";"12428";"4721";"10314";"7928";"7725";"12246";"10191";"12218";"17458";"13242";"11330";"24425";"13230";"12213";"9621";"8899";"8298";"11381";"8923";"11771";"11220";"12557";"9486";"11728";"10001";"9738";"9282";"7761";"5622";"9342";"11791";"12061";"10254";"18236";"17164";"11657";"23714";"2920";"2036";"2115";"1597";"15753";"21434";"14498";"19582";"21343";"20882";"16764";"17168";"72412";"18161";"11155";"23091";"45386";"44457";"34744";"15484";"9237";"6608";"5005";"5412";"7122";"5491";"5562";"5601";"31361";"14464";"9873";"7424";"5670";"5702";"6689";"7352";"5572";"6339";"5357";"5136";"7303";"6632";"6502";"6176";"7009";"5616";"6394";"8708";"6554";"7987";"6322";"5814";"12528";"24015";"17796";"6333";"16595";"12590";"9921";"11833";"9707";"25246";"14567";"7508";"9806";"7556";"8970";"10494";"11681";"2192";"0";"5892569"
"Total";"1540553";"2327064";"2013918";"2539660";"11885236";"16125871";"22367455";"13693626";"4435823";"5227862";"252535";"281283";"339375";"554252";"420708";"487216";"300287";"408309";"336128";"268857";"362797";"297104";"283872";"303054";"431653";"442404";"623094";"492279";"309733";"481911";"373620";"316692";"332125";"322460";"326836";"308421";"331121";"375626";"490574";"443205";"347229";"361716";"327545";"281509";"328186";"335599";"417071";"408198";"378324";"455626";"561395";"505839";"415619";"422226";"405579";"403159";"397247";"591851";"8295394";"2315866";"1092525";"1044556";"605617";"749936";"562179";"662948";"561387";"336375";"350279";"590392";"1054380";"732115";"856147";"2500677";"1919412";"734629";"456494";"415135";"475559";"412042";"436403";"424245";"629269";"553432";"590719";"854040";"844514";"670463";"518539";"531520";"411441";"359387";"394950";"354045";"409697";"448342";"521827";"670595";"796316";"592174";"529428";"632372";"550971";"566011";"516803";"456532";"484975";"445789";"510569";"440608";"659108";"537730";"478779";"598668";"419094";"418120";"369776";"301451";"388734";"371976";"440682";"626162";"513667";"508095";"480976";"541589";"542131";"444067";"379041";"313485";"416969";"397118";"452662";"491109";"469973";"370449";"411170";"404948";"433190";"390049";"328119";"273411";"369405";"341499";"485238";"413270";"517744";"461745";"432926";"967437";"480740";"414353";"400714";"320784";"439201";"394161";"409598";"453712";"460706";"411888";"379427";"409086";"1652298";"509630";"405619";"330618";"3724041";"4143381";"6301398";"2765197";"1491298";"821105";"628062";"491771";"724405";"1048542";"1026616";"1437060";"6691328";"1737905";"1143449";"663944";"458932";"407929";"488127";"471858";"411442";"723425";"688199";"591463";"683768";"1257133";"988445";"1051222";"680495";"463939";"530961";"516501";"444275";"570407";"545931";"319494";"719445";"1270101";"1053850";"351927";"806347";"678214";"737505";"661580";"632004";"1604939";"899599";"499866";"553830";"498872";"494035";"565632";"400729";"51549";"1";"229316307"
